{
  "profiles": [
    {
      "name": "CJ",
      "samples": 2,
      "vector": [
        0.04364883096715676,
        0.09319107650070242,
        0.13006788007384973,
        0.008929227715687445,
        0.21506805417387995
      ]
    },
    {
      "name": "Inay",
      "samples": 2,
      "vector": [
        0.04687502999045808,
        0.11014750054745298,
        0.1040085444084831,
        0.01208893171528724,
        0.2296672110263901
      ]
    }
  ]
}